EVENT BUDGET				
Item	Owner	Qty	Unit cost	Total
Stage lighting	Design	6	45	=C3*D3
Demo displays	Product	4	150	=C4*D4
Workshop seating	Operations	20	40	=C5*D5
Welcome printing	Marketing	200	0.45	=C6*D6
Refreshments	Operations	80	12	=C7*D7
				
				
				
RUN OF SHOW				
Time	Session	Owner	Room	Status
09:00	Welcome and coffee	Operations	Main hall	Ready
09:30	Product keynote	Product	Main hall	Ready
10:15	Hands-on workshop	Design	Studio A	Review
11:15	Customer questions	Support	Main hall	Ready
12:00	Lunch and networking	Operations	Terrace	Review
